Player,Nation,Pos,Age,MP,Starts,Min,Gls,Ast,PK,CrdY,CrdR,xG,xAG,Team
Virgil van Dijk,NED,DF,33,169,16,1440,1,1,0,1,0,0.9,0.02,Liverpool
Ryan Gravenberch,NED,MF,22,222,16,1415,0,1,0,4,0,0.6,0.08,Liverpool
Mohamed Salah,EGY,FW,32,192,16,1402,15,11,4,1,0,13,0.43,Liverpool
Andrew Robertson,SCO,DF,30,288,14,1131,0,0,0,1,1,0.5,0.18,Liverpool
Trent Alexander-Arnold,ENG,DF,26,78,14,1130,0,4,0,3,0,0.5,0.36,Liverpool
Alexis Mac Allister,ARG,MF,26,0,13,1053,1,0,0,5,0,1,0.12,Liverpool
Dominik Szoboszlai,HUN,MF,24,60,12,1118,2,2,0,4,0,4,0.23,Liverpool
Ibrahima KonatÃ©,FRA,DF,25,213,11,974,1,1,0,4,0,0.8,0.02,Liverpool
Luis DÃ­az,COL,FW,27,346,11,966,7,2,0,1,0,4.8,0.17,Liverpool
Cody Gakpo,NED,FW,25,231,8,758,3,1,0,4,0,3,0.17,Liverpool
CaoimhÃ­n Kelleher,IRL,GK,26,31,8,720,0,0,0,0,0,0,0,Liverpool
Alisson,BRA,GK,32,83,8,708,0,0,0,0,0,0,0.07,Liverpool
Curtis Jones,ENG,MF,23,329,7,660,2,1,0,1,0,1.9,0.03,Liverpool
Diogo Jota,POR,FW,28,20,7,527,3,2,0,1,0,3.2,0.19,Liverpool
Darwin NÃºÃ±ez,URU,FW,25,183,6,649,2,2,0,4,0,2.2,0.13,Liverpool
Joe Gomez,ENG,DF,27,215,4,393,0,0,0,0,0,0.3,0,Liverpool
Kostas Tsimikas,GRE,DF,28,226,2,232,0,0,0,0,0,0.1,0.2,Liverpool
Jarell Quansah,ENG,DF,21,330,2,174,0,0,0,1,0,0,0,Liverpool
Conor Bradley,NIR,DF,21,168,1,236,0,0,0,1,0,0.4,0,Liverpool
Harvey Elliott,ENG,"FW,DF",21,264,0,25,0,0,0,0,0,0,0.43,Liverpool
Wataru Endo,JPN,MF,31,319,0,23,0,0,0,0,0,0,0.08,Liverpool
Federico Chiesa,ITA,FW,27,60,0,19,0,0,0,0,0,0.2,0,Liverpool
Vitezslav Jaros,CZE,GK,23,154,0,12,0,0,0,0,0,0,0,Liverpool
Harvey Davies,ENG,GK,21,112,0,25,0,0,0,0,0,0.2,0,Liverpool
Tyler Morton,ENG,MF,22,54,0,23,0,0,0,0,0,0,0,Liverpool
Amara Nallo,NED,FW,25,231,8,758,3,1,0,4,0,3,0.17,Liverpool
Trey Nyoni,IRL,GK,26,31,8,720,0,0,0,0,0,0,0,Liverpool
MoisÃ©s Caicedo,ECU,MF,23,52,17,1505,1,2,0,3,0,0.4,0.12,Chelsea
Cole Palmer,ENG,MF,22,232,17,1477,11,6,3,3,0,10.4,0.39,Chelsea
Robert SÃ¡nchez,ESP,GK,27,36,16,1440,0,0,0,4,0,0,0,Chelsea
Levi Colwill,ENG,DF,21,302,16,1439,0,0,0,3,0,0.4,0.04,Chelsea
Nicolas Jackson,SEN,FW,23,187,16,1256,9,3,0,4,0,9,0.13,Chelsea
Marc Cucurella,ESP,DF,26,155,13,1174,1,1,0,8,1,0.2,0.07,Chelsea
Noni Madueke,ENG,FW,22,289,13,1039,5,3,0,3,0,5,0.22,Chelsea
Enzo FernÃ¡ndez,ARG,MF,23,342,12,1152,3,4,0,1,0,1.8,0.21,Chelsea
Malo Gusto,FRA,DF,21,219,12,1046,0,1,0,2,0,1.5,0.06,Chelsea
Wesley Fofana,FRA,DF,24,7,12,1015,0,0,0,6,0,0.4,0.04,Chelsea
Pedro Neto,POR,FW,24,290,8,808,1,2,0,5,0,0.6,0.27,Chelsea
Jadon Sancho,ENG,FW,24,274,8,670,2,3,0,1,0,0.8,0.27,Chelsea
RomÃ©o Lavia,BEL,MF,20,353,7,477,0,1,0,3,0,0.2,0.13,Chelsea
Tosin Adarabioyo,ENG,DF,27,91,5,443,0,0,0,1,0,0.3,0,Chelsea
Axel Disasi,FRA,DF,26,288,3,274,1,0,0,1,0,0.2,0,Chelsea
Reece James,ENG,DF,25,16,3,241,0,0,0,0,0,0,0,Chelsea
Christopher Nkunku,FRA,FW,27,40,2,321,2,1,0,1,0,3,0.41,Chelsea
JoÃ£o FÃ©lix,POR,"FW,MF",25,44,2,298,1,1,0,2,0,1.8,0.27,Chelsea
BenoÃ®t Badiashile,FRA,DF,23,273,2,249,0,0,0,0,0,0,0,Chelsea
Renato Veiga,POR,"DF,MF",21,148,1,181,0,0,0,2,0,0.2,0,Chelsea
Mykhailo Mudryk,UKR,FW,23,354,1,151,0,0,0,0,0,0.3,0.58,Chelsea
Filip JÃ¸rgensen,DEN,GK,22,252,1,90,0,0,0,0,0,0,0,Chelsea
Kiernan Dewsbury-Hall,ENG,MF,26,109,0,59,0,0,0,0,0,0,0.14,Chelsea
Marc Guiu,ESP,FW,18,355,0,24,0,0,0,0,0,0,0,Chelsea
Joshua Acheampong,ENG,DF,18,233,0,90,0,0,0,0,0,0,,Chelsea
Marcus Bettinelli,ENG,GK,32,214,0,59,0,0,0,0,0,0,,Chelsea
Cesare Casadei,ITA,MF,21,349,0,24,0,0,0,0,0,0,,Chelsea
Tyrique George,ENG,FW,18,324,0,59,0,0,0,0,0,0,,Chelsea
Samuel Rak-Sakyi,ENG,MF,19,272,0,24,0,0,0,0,0,0,,Chelsea
David Raya,ESP,GK,29,100,17,1530,0,0,0,2,0,0,0,Arsenal
Kai Havertz,GER,"FW,MF",25,196,16,1390,6,2,0,2,0,6.7,0.14,Arsenal
William Saliba,FRA,DF,23,275,16,1379,2,0,0,2,1,1.9,0.03,Arsenal
Bukayo Saka,ENG,"FW,MF",23,110,16,1268,5,10,1,3,0,4.2,0.41,Arsenal
Gabriel MagalhÃ£es,BRA,DF,27,5,15,1268,3,1,0,2,0,2.1,0.03,Arsenal
Thomas Partey,GHA,"MF,DF",31,194,14,1309,2,2,0,2,0,1.2,0.09,Arsenal
JurriÃ«n Timber,NED,DF,23,190,14,1215,1,1,0,4,0,0.7,0.05,Arsenal
Declan Rice,ENG,MF,25,345,14,1196,1,3,0,5,1,1.1,0.26,Arsenal
Gabriel Martinelli,BRA,"FW,MF",23,189,11,946,4,2,0,1,0,3,0.21,Arsenal
Leandro Trossard,BEL,FW,30,20,10,917,3,1,0,2,1,3,0.21,Arsenal
Martin Ã˜degaard,NOR,MF,26,7,10,816,1,2,1,1,0,2.3,0.19,Arsenal
Ben White,ENG,DF,27,77,7,695,0,1,0,2,0,0.1,0.06,Arsenal
Riccardo Calafiori,ITA,DF,22,219,6,540,1,1,0,1,0,0.5,0.02,Arsenal
Mikel Merino,ESP,MF,28,185,5,480,1,0,0,1,0,1.3,0.15,Arsenal
Jorginho,ITA,MF,33,4,5,393,0,0,0,3,0,0,0.04,Arsenal
Gabriel Jesus,BRA,FW,27,265,3,358,2,0,0,4,0,1.7,0.12,Arsenal
Jakub Kiwior,POL,DF,24,313,2,327,0,0,0,0,0,0,0.02,Arsenal
Oleksandr Zinchenko,UKR,"DF,MF",28,9,2,238,0,0,0,1,0,0.1,0.01,Arsenal
Raheem Sterling,ENG,"MF,FW",30,16,2,148,0,1,0,0,0,0.5,0.1,Arsenal
Myles Lewis-Skelly,ENG,DF,18,89,2,141,0,0,0,1,0,0,0.05,Arsenal
Ethan Nwaneri,ENG,"MF,FW",17,278,0,117,1,0,0,0,0,0.2,0.13,Arsenal
Takehiro Tomiyasu,JPN,DF,26,49,0,7,0,0,0,0,0,0.2,0,Arsenal
Reiss Nelson,ENG,FW,25,14,0,3,0,0,0,0,0,0,0,Arsenal
Nathan Butler-Oyedeji,ENG,FW,21,355,0,695,0,1,0,2,0,0.1,0.06,Arsenal
Ayden Heaven,ENG,DF,18,93,0,540,1,1,0,1,0,0.5,0.02,Arsenal
Ismeal Kabia,ENG,MF,19,14,0,480,1,0,0,1,0,1.3,0.15,Arsenal
Maldini Kacurri,ALB,DF,19,81,0,393,0,0,0,3,0,0,0.04,Arsenal
Neto,BRA,GK,35,158,0,358,2,0,0,4,0,1.7,0.12,Arsenal
Josh Nichols,ENG,DF,18,151,0,327,0,0,0,0,0,0,0.02,Arsenal
Eddie Nketiah,ENG,FW,25,208,0,238,0,0,0,1,0,0.1,0.01,Arsenal
Salah Oulad M'Hand,NED,MF,21,126,0,148,0,1,0,0,0,0.5,0.1,Arsenal
Aaron Ramsdale,ENG,GK,26,224,0,141,0,0,0,1,0,0,0.05,Arsenal
Tommy Setford,ENG,GK,18,286,0,117,1,0,0,0,0,0.2,0.13,Arsenal
Kieran Tierney,SCO,"DF,MF",27,202,0,7,0,0,0,0,0,0.2,0,Arsenal
Matz Sels,BEL,GK,32,302,17,1530,0,0,0,2,0,0,0,Nottingham-Forest
Murillo,BRA,DF,22,173,17,1507,1,0,0,3,0,1,0.05,Nottingham-Forest
Ola Aina,NGA,DF,28,77,17,1463,2,0,0,2,0,0.3,0.03,Nottingham-Forest
Nikola MilenkoviÄ‡,SRB,DF,27,73,16,1440,2,1,0,2,0,2.5,0.02,Nottingham-Forest
Chris Wood,NZL,FW,33,17,16,1325,10,0,2,1,0,6.5,0.07,Nottingham-Forest
Callum Hudson-Odoi,ENG,"FW,MF",24,47,14,1230,2,1,0,1,0,1.4,0.12,Nottingham-Forest
Morgan Gibbs-White,ENG,MF,24,332,13,1007,2,2,0,6,1,1.6,0.23,Nottingham-Forest
Ryan Yates,ENG,MF,27,33,12,1218,1,0,0,4,0,1.7,0.05,Nottingham-Forest
Elliot Anderson,ENG,"MF,FW",22,48,12,970,0,5,0,3,0,0.9,0.23,Nottingham-Forest
Anthony Elanga,SWE,"FW,MF",22,241,11,884,2,2,0,1,0,1.3,0.12,Nottingham-Forest
Ã�lex Moreno,ESP,DF,31,199,10,788,0,1,0,2,0,0.2,0.11,Nottingham-Forest
NicolÃ¡s DomÃ­nguez,ARG,"MF,FW",26,179,9,807,0,0,0,5,0,1.2,0.02,Nottingham-Forest
Neco Williams,WAL,DF,23,255,7,738,0,1,0,4,0,0.8,0.06,Nottingham-Forest
James Ward-Prowse,ENG,MF,30,53,5,379,0,0,0,2,1,0.1,0.03,Nottingham-Forest
Jota Silva,POR,"FW,MF",25,145,3,518,0,1,0,3,0,0.5,0.22,Nottingham-Forest
Ibrahim SangarÃ©,CIV,MF,27,22,3,212,0,0,0,2,0,0,0.01,Nottingham-Forest
Taiwo Awoniyi,NGA,FW,27,134,2,205,0,0,0,0,0,0.4,0.03,Nottingham-Forest
Morato,BRA,DF,23,177,1,264,0,0,0,0,0,0,0,Nottingham-Forest
Willy Boly,CIV,DF,33,325,1,92,0,0,0,0,0,0.1,0,Nottingham-Forest
Danilo,BRA,MF,23,239,1,14,0,0,0,0,0,0,0,Nottingham-Forest
RamÃ³n Sosa,PAR,"FW,MF",25,115,0,150,1,0,0,0,0,0.7,0.25,Nottingham-Forest
Harry Toffolo,ENG,DF,29,127,0,38,0,0,0,0,0,0,0,Nottingham-Forest
Eric da Silva Moreira,GER,"MF,DF",18,235,0,30,0,0,0,0,0,0,0,Nottingham-Forest
Carlos Miguel,BRA,GK,26,76,0,38,0,0,0,0,0,0,0,Nottingham-Forest
Andrew Omobamidele,IRL,DF,22,184,0,30,0,0,0,0,0,0,0,Nottingham-Forest
Illia Zabarnyi,UKR,DF,22,114,17,1530,0,0,0,2,0,0.4,0.01,Bournemouth
Milos Kerkez,HUN,DF,21,47,17,1457,1,2,0,2,0,0.3,0.15,Bournemouth
Antoine Semenyo,GHA,FW,24,352,16,1386,5,1,0,5,0,5.3,0.18,Bournemouth
Evanilson,BRA,FW,25,79,15,1179,4,0,0,0,0,6,0.08,Bournemouth
Lewis Cook,ENG,"MF,DF",27,325,14,1312,1,3,0,4,0,0.6,0.16,Bournemouth
Ryan Christie,SCO,MF,29,306,14,1134,1,1,0,5,0,0.8,0.14,Bournemouth
Justin Kluivert,NED,"MF,FW",25,233,14,1056,6,2,5,4,0,6.1,0.17,Bournemouth
Marcus Tavernier,ENG,"FW,MF",25,277,13,1140,1,4,0,2,0,4.1,0.2,Bournemouth
Kepa Arrizabalaga,ESP,GK,30,82,12,1080,0,0,0,2,0,0,0,Bournemouth
Adam Smith,ENG,DF,33,239,12,1035,0,0,0,4,0,0.6,0.01,Bournemouth
Marcos Senesi,ARG,DF,27,228,11,917,0,0,0,4,0,0.8,0.04,Bournemouth
Dango Ouattara,BFA,"FW,DF",22,317,6,702,2,3,0,0,0,3.3,0.45,Bournemouth
Dean Huijsen,ESP,DF,19,254,6,614,2,0,0,2,0,1,0.07,Bournemouth
Tyler Adams,USA,MF,25,314,5,456,0,0,0,2,0,1.1,0.09,Bournemouth
Julian Araujo,MEX,DF,23,133,5,355,0,0,0,1,0,0,0,Bournemouth
Mark Travers,IRL,GK,25,220,3,270,0,0,0,0,0,0,0,Bournemouth
Alex Scott,ENG,MF,21,125,2,263,0,0,0,0,0,0.1,0.07,Bournemouth
Neto,BRA,GK,35,158,2,180,0,0,0,0,0,0,0,Bournemouth
Enes Ãœnal,TUR,"FW,MF",27,228,1,245,2,1,0,1,0,2.3,0.08,Bournemouth
Luis Sinisterra,COL,"FW,MF",25,190,1,208,1,1,0,0,0,1.1,0.44,Bournemouth
David Brooks,WAL,"FW,MF",27,169,1,176,1,0,0,1,0,0.5,0.33,Bournemouth
Philip Billing,DEN,MF,28,196,0,84,0,0,0,0,0,0.3,0.88,Bournemouth
Daniel Jebbison,ENG,FW,21,133,0,28,0,0,0,0,0,0,0.07,Bournemouth
Max Aarons,ENG,DF,24,355,0,16,0,0,0,0,0,0,0,Bournemouth
James Hill,ENG,MF,22,349,0,7,0,0,0,0,0,0,0,Bournemouth
Jaidon Anthony,ENG,"FW,MF",25,23,0,176,1,0,0,1,0,0.5,0.33,Bournemouth
Will Dennis,ENG,GK,24,167,0,84,0,0,0,0,0,0.3,0.88,Bournemouth
Hamed Junior TraorÃ¨,CIV,"FW,MF",24,312,0,28,0,0,0,0,0,0,0.07,Bournemouth
Maxwell Wellings,ENG,DF,19,326,0,16,0,0,0,0,0,0,0,Bournemouth
Ben Winterburn,ENG,MF,20,111,0,7,0,0,0,0,0,0,0,Bournemouth
Emiliano MartÃ­nez,ARG,GK,32,113,17,1485,0,0,0,2,0,0,0,Aston-Villa
Youri Tielemans,BEL,MF,27,231,17,1464,0,4,0,3,0,1.4,0.26,Aston-Villa
Morgan Rogers,ENG,"MF,FW",22,151,17,1400,5,3,0,4,0,3.5,0.25,Aston-Villa
Pau Torres,ESP,DF,27,343,16,1440,0,0,0,1,0,0.3,0,Aston-Villa
Ezri Konsa,ENG,DF,27,62,15,1271,1,0,0,0,0,0.6,0.01,Aston-Villa
Lucas Digne,FRA,DF,31,157,15,1255,0,2,0,3,0,0.5,0.21,Aston-Villa
Ollie Watkins,ENG,FW,28,360,14,1137,7,3,1,0,0,8.8,0.13,Aston-Villa
John McGinn,SCO,"FW,MF",30,67,13,1067,0,3,0,3,0,1.8,0.21,Aston-Villa
Amadou Onana,BEL,MF,23,130,11,810,2,0,0,3,0,1.8,0.02,Aston-Villa
Matty Cash,POL,"DF,FW",27,139,10,830,1,0,0,4,0,0.1,0.02,Aston-Villa
Leon Bailey,JAM,"FW,MF",27,137,10,731,0,2,0,2,0,0.6,0.16,Aston-Villa
Diego Carlos,BRA,DF,31,284,7,740,0,0,0,1,0,0.6,0,Aston-Villa
Jacob Ramsey,ENG,"FW,MF",23,210,7,633,0,2,0,1,0,0.7,0.18,Aston-Villa
Boubacar Kamara,FRA,MF,25,31,5,436,0,0,0,1,0,0,0.02,Aston-Villa
Jhon DurÃ¡n,COL,FW,21,11,3,571,7,0,0,3,0,4.8,0.03,Aston-Villa
Lamare Bogarde,NED,DF,20,354,3,213,0,0,0,1,0,0,0.03,Aston-Villa
Ross Barkley,ENG,MF,31,19,2,449,2,1,0,3,0,1.5,0.11,Aston-Villa
Jaden Philogene Bidace,ENG,"FW,MF",22,320,2,332,0,0,0,4,1,0.5,0.08,Aston-Villa
Ian Maatsen,NED,DF,22,289,2,290,0,0,0,1,0,0.1,0.34,Aston-Villa
Tyrone Mings,ENG,DF,31,286,1,90,0,0,0,0,0,0.2,0,Aston-Villa
Kosta NedeljkoviÄ‡,SRB,DF,19,8,0,96,0,0,0,0,0,0,0,Aston-Villa
Robin Olsen,SWE,GK,34,351,0,45,0,0,0,0,0,0,0,Aston-Villa
Emi BuendÃ­a,ARG,"MF,FW",27,365,0,44,0,0,0,1,0,0.1,0.04,Aston-Villa
Benjamin Broggio,ENG,FW,17,330,0,449,2,1,0,3,0,1.5,0.11,Aston-Villa
Joe Gauci,AUS,GK,24,173,0,332,0,0,0,4,1,0.5,0.08,Aston-Villa
Sil Swinkels,NED,DF,20,353,0,290,0,0,0,1,0,0.1,0.34,Aston-Villa
Kadan Young,ENG,MF,18,340,0,90,0,0,0,0,0,0.2,0,Aston-Villa
Oliwier Zych,POL,GK,20,179,0,96,0,0,0,0,0,0,0,Aston-Villa
Erling Haaland,NOR,FW,24,156,17,45,0,0,0,0,0,0,0,Manchester-City
JoÅ¡ko Gvardiol,CRO,DF,22,336,15,44,0,0,0,1,0,0.1,0.04,Manchester-City
Bernardo Silva,POR,"MF,FW",30,136,15,1376,1,4,0,4,0,2.4,0.25,Manchester-City
Ederson,BRA,GK,31,129,13,1170,0,1,0,3,0,0,0.03,Manchester-City
Ä°lkay GÃ¼ndoÄŸan,GER,MF,34,61,13,1113,0,1,0,1,0,1.6,0.11,Manchester-City
Rico Lewis,ENG,"DF,MF",20,33,13,1113,1,2,0,5,1,1.1,0.02,Manchester-City
Manuel Akanji,SUI,DF,29,158,13,1096,0,0,0,3,0,0.3,0.02,Manchester-City
RÃºben Dias,POR,DF,27,224,12,1087,0,0,0,3,0,1.1,0.02,Manchester-City
Mateo KovaÄ�iÄ‡,CRO,MF,30,232,11,985,3,0,0,3,0,1,0.15,Manchester-City
Kyle Walker,ENG,DF,34,210,9,919,0,0,0,2,0,0.1,0.04,Manchester-City
SÃ¡vio,BRA,"FW,MF",20,258,9,731,0,2,0,2,0,2.1,0.44,Manchester-City
Phil Foden,ENG,"MF,FW",24,210,8,810,1,1,0,1,0,2,0.31,Manchester-City
Kevin De Bruyne,BEL,MF,33,179,7,627,2,2,0,2,0,2.1,0.53,Manchester-City
Jeremy Doku,BEL,"FW,MF",22,211,7,625,2,2,0,0,0,0.7,0.2,Manchester-City
Jack Grealish,ENG,"FW,MF",29,105,6,573,0,1,0,3,0,0.7,0.26,Manchester-City
Matheus Nunes,POR,"MF,FW",26,119,6,530,0,3,0,1,0,0.2,0.31,Manchester-City
Stefan Ortega,GER,GK,32,48,4,360,0,0,0,0,0,0,0,Manchester-City
John Stones,ENG,"DF,MF",30,210,4,331,2,0,0,1,0,0.4,0.02,Manchester-City
Nathan AkÃ©,NED,DF,29,310,3,299,0,0,0,0,0,0.1,0,Manchester-City
Jahmai Simpson-Pusey,ENG,DF,19,50,1,90,0,0,0,1,0,0,0,Manchester-City
Rodri,ESP,MF,28,185,1,65,0,0,0,0,0,0,0.06,Manchester-City
James Mcatee,ENG,"FW,MF",22,67,0,2,0,0,0,0,0,0,0,Manchester-City
Scott Carson,ENG,GK,39,112,0,176,1,0,0,1,0,0.5,0.33,Manchester-City
Issa KaborÃ©,BFA,"DF,MF",23,226,0,84,0,0,0,0,0,0.3,0.88,Manchester-City
Divin Mubama,ENG,FW,20,60,0,28,0,0,0,0,0,0,0.07,Manchester-City
Nico Oâ€™Reilly,ENG,FW,19,278,0,16,0,0,0,0,0,0,0,Manchester-City
Josh Wilson-Esbrand,ENG,DF,21,364,0,7,0,0,0,0,0,0,0,Manchester-City
Jacob Wright,ENG,MF,19,94,0,7,0,0,0,0,0,0,0,Manchester-City
Bruno GuimarÃ£es,BRA,MF,27,38,17,1475,1,4,0,3,0,1.8,0.16,Newcastle-United
Dan Burn,ENG,DF,32,229,16,1440,0,0,0,5,0,0.7,0.01,Newcastle-United
Joelinton,BRA,"MF,FW",28,132,16,1319,2,0,0,5,0,2.2,0.09,Newcastle-United
Nick Pope,ENG,GK,32,249,15,1350,0,0,0,2,0,0,0,Newcastle-United
Fabian SchÃ¤r,SUI,DF,33,4,15,1287,2,0,0,4,1,1.1,0.01,Newcastle-United
Anthony Gordon,ENG,FW,23,304,15,1273,3,3,1,1,0,5.3,0.22,Newcastle-United
Alexander Isak,SWE,FW,25,94,15,1199,10,4,0,0,0,8.6,0.21,Newcastle-United
Lewis Hall,ENG,DF,20,107,14,1318,0,2,0,3,0,0.3,0.21,Newcastle-United
Valentino Livramento,ENG,DF,22,42,14,1197,0,0,0,0,0,0,0.04,Newcastle-United
Jacob Murphy,ENG,FW,29,304,10,777,3,5,0,2,0,1.7,0.35,Newcastle-United
Sandro Tonali,ITA,MF,24,230,8,831,0,1,0,4,0,1.2,0.03,Newcastle-United
Sean Longstaff,ENG,MF,27,55,8,715,0,0,0,2,0,0.6,0.02,Newcastle-United
Harvey Barnes,ENG,FW,27,15,6,751,5,1,0,0,0,2.7,0.29,Newcastle-United
Joe Willock,ENG,"MF,FW",25,126,6,525,0,1,0,2,0,0.7,0.2,Newcastle-United
Lloyd Kelly,ENG,DF,26,79,4,298,0,1,0,2,0,0.4,0.14,Newcastle-United
Kieran Trippier,ENG,DF,34,96,3,348,0,0,0,0,0,0,0.05,Newcastle-United
Emil Krafth,SWE,DF,30,144,2,241,0,0,0,0,0,0,0.03,Newcastle-United
Martin DÃºbravka,SVK,GK,35,344,2,180,0,0,0,0,0,0,0,Newcastle-United
Miguel AlmirÃ³n,PAR,FW,30,318,1,141,0,0,0,0,0,0.5,0.11,Newcastle-United
Callum Wilson,ENG,"FW,MF",32,301,0,61,0,0,0,1,0,0,0,Newcastle-United
William Osula,DEN,"FW,MF",21,142,0,30,0,0,0,0,0,0,0.26,Newcastle-United
Lewis Miley,ENG,MF,18,237,0,11,0,0,0,0,0,0,0,Newcastle-United
Alex Murphy,IRL,DF,20,182,0,141,0,0,0,0,0,0.5,0.11,Newcastle-United
John Ruddy,ENG,GK,38,61,0,61,0,0,0,1,0,0,0,Newcastle-United
Matt Targett,ENG,"DF,MF",29,97,0,30,0,0,0,0,0,0,0.26,Newcastle-United
Odisseas Vlachodimos,GRE,GK,30,242,0,11,0,0,0,0,0,0,0,Newcastle-United
Bernd Leno,GER,GK,32,295,17,1530,0,1,0,2,0,0,0,Fulham
Antonee Robinson,USA,DF,27,138,17,1530,0,6,0,3,0,0.3,0.16,Fulham
Alex Iwobi,NGA,"FW,MF",28,235,17,1479,5,3,0,1,0,2.7,0.21,Fulham
Calvin Bassey,NGA,DF,24,359,16,1440,0,0,0,5,0,0.3,0,Fulham
Kenny Tete,NED,DF,29,76,15,1262,0,2,0,3,0,1,0.05,Fulham
Emile Smith Rowe,ENG,MF,24,149,14,1090,3,2,0,1,0,2.2,0.08,Fulham
Andreas Pereira,BRA,MF,28,358,13,1011,2,0,0,5,0,2.8,0.18,Fulham
RaÃºl JimÃ©nez,MEX,FW,33,233,12,997,5,2,1,2,0,5,0.2,Fulham
SaÅ¡a LukiÄ‡,SRB,MF,28,133,11,893,0,0,0,6,0,0,0.05,Fulham
Sander Berge,NOR,MF,26,314,10,957,0,0,0,2,0,0.1,0.04,Fulham
Adama TraorÃ©,ESP,"FW,MF",28,334,10,850,1,3,0,2,0,2.9,0.27,Fulham
Issa Diop,FRA,DF,27,350,9,843,0,0,0,2,0,0.5,0.01,Fulham
Joachim Andersen,DEN,DF,28,207,8,693,0,0,0,0,1,0.2,0.03,Fulham
Rodrigo Muniz,BRA,FW,23,234,5,533,2,1,0,1,0,1.9,0.1,Fulham
Reiss Nelson,ENG,FW,25,14,5,487,1,1,0,1,0,1.1,0.18,Fulham
Harry Wilson,WAL,"FW,MF",27,277,3,423,3,0,0,2,0,1.8,0.01,Fulham
Timothy Castagne,BEL,DF,29,19,2,273,0,0,0,0,0,0.1,0,Fulham
Tom Cairney,SCO,MF,33,339,1,253,1,0,0,2,1,0.1,0.19,Fulham
Jorge Cuenca,ESP,DF,25,37,1,93,0,0,0,0,0,0,0,Fulham
Joshua King,ENG,MF,17,356,1,72,0,0,0,0,0,0,0.06,Fulham
Harrison Reed,ENG,MF,29,332,0,61,0,0,0,2,0,0,0.11,Fulham
Martial Godo,ENG,FW,21,285,0,15,0,0,0,0,0,0,0,Fulham
Ryan Sessegnon,ENG,MF,24,220,0,5,0,0,0,0,0,0,0,Fulham
Carlos VinÃ­cius,BRA,MF,29,274,0,4,0,0,0,0,0,0,0,Fulham
Jay Stansfield,ENG,MF,22,30,0,1,0,0,0,0,0,0,0,Fulham
Samuel Amissah,ENG,DF,17,292,0,72,0,0,0,0,0,0,,Fulham
Steven Benda,GER,GK,26,84,0,61,0,0,0,2,0,0,,Fulham
Kaoru Mitoma,JPN,"FW,MF",27,218,16,1447,3,2,0,0,0,4,0.21,Brighton-and-Hove-Albion
Bart Verbruggen,NED,GK,22,128,15,1350,0,0,0,2,0,0,0,Brighton-and-Hove-Albion
Jan Paul van Hecke,NED,DF,24,199,14,1250,0,1,0,4,0,0.6,0.06,Brighton-and-Hove-Albion
Danny Welbeck,ENG,FW,34,28,13,1112,6,2,0,1,0,5.6,0.04,Brighton-and-Hove-Albion
Georginio Rutter,FRA,"FW,MF",22,248,13,991,2,2,0,2,0,2.7,0.12,Brighton-and-Hove-Albion
Lewis Dunk,ENG,DF,33,33,12,1084,0,0,0,4,0,0.7,0.04,Brighton-and-Hove-Albion
JoÃ«l Veltman,NED,DF,32,344,12,1022,0,0,0,2,0,0.1,0.02,Brighton-and-Hove-Albion
Carlos Baleba,CMR,MF,20,356,12,987,2,1,0,4,1,1,0.06,Brighton-and-Hove-Albion
Pervis EstupiÃ±Ã¡n,ECU,DF,26,338,11,1064,0,1,0,3,0,0.5,0.14,Brighton-and-Hove-Albion
Jack Hinshelwood,ENG,"MF,DF",19,257,10,840,1,0,0,2,0,0.7,0.03,Brighton-and-Hove-Albion
Yasin Ayari,SWE,MF,21,79,9,832,0,0,0,2,0,1.1,0.11,Brighton-and-Hove-Albion
JoÃ£o Pedro,BRA,"MF,FW",23,89,9,769,4,3,0,1,0,2.5,0.19,Brighton-and-Hove-Albion
Igor,BRA,DF,26,321,7,748,0,0,0,3,0,0,0.02,Brighton-and-Hove-Albion
Yankuba Minteh,GAM,"FW,MF",20,155,6,535,2,1,0,2,0,1.2,0.27,Brighton-and-Hove-Albion
Ferdi Kadioglu,TUR,"DF,MF",25,78,5,385,1,0,0,1,0,0.4,0.04,Brighton-and-Hove-Albion
Mats Wieffer,NED,MF,25,38,4,471,1,1,0,2,0,0.5,0.1,Brighton-and-Hove-Albion
Simon Adingra,CIV,"FW,MF",22,358,3,349,1,1,0,0,0,0.6,0.15,Brighton-and-Hove-Albion
Tariq Lamptey,GHA,DF,24,85,3,260,1,2,0,0,0,0.1,0.14,Brighton-and-Hove-Albion
James Milner,ENG,MF,38,355,3,169,0,0,0,1,0,0.2,0.12,Brighton-and-Hove-Albion
Evan Ferguson,IRL,FW,20,66,2,228,1,0,0,0,0,0.5,0.17,Brighton-and-Hove-Albion
Matt O'Riley,DEN,MF,24,33,2,221,1,0,0,1,0,0.7,0.18,Brighton-and-Hove-Albion
Jason Steele,ENG,GK,34,128,2,180,0,0,0,0,0,0,0,Brighton-and-Hove-Albion
Adam Webster,ENG,DF,29,355,2,79,0,0,0,0,0,0,0,Brighton-and-Hove-Albion
Brajan Gruda,GER,"MF,FW",20,207,1,154,0,0,0,0,0,0.1,0.07,Brighton-and-Hove-Albion
Billy Gilmour,SCO,MF,23,196,1,98,0,0,0,0,0,0.1,0,Brighton-and-Hove-Albion
Julio Enciso,PAR,"MF,FW",20,336,0,159,0,0,0,0,0,0.5,0.13,Brighton-and-Hove-Albion
Jeremy Sarmiento,ECU,MF,22,191,0,9,0,0,0,0,0,0,0,Brighton-and-Hove-Albion
Jakub Moder,POL,MF,25,261,0,5,0,0,0,0,0,0,0.12,Brighton-and-Hove-Albion
ValentÃ­n Barco,ARG,DF,20,154,0,221,1,0,0,1,0,0.7,0.18,Brighton-and-Hove-Albion
Killian Cahill,IRL,GK,21,51,0,180,0,0,0,0,0,0,0,Brighton-and-Hove-Albion
Ruairi Mcconville,NIR,DF,19,237,0,79,0,0,0,0,0,0,0,Brighton-and-Hove-Albion
Mark O'Mahony,IRL,FW,19,345,0,154,0,0,0,0,0,0.1,0.07,Brighton-and-Hove-Albion
Carl Rushworth,ENG,GK,23,175,0,98,0,0,0,0,0,0.1,0,Brighton-and-Hove-Albion
Imari Samuels,ENG,DF,21,323,0,159,0,0,0,0,0,0.5,0.13,Brighton-and-Hove-Albion
Jacob Slater,ENG,MF,20,80,0,9,0,0,0,0,0,0,0,Brighton-and-Hove-Albion
Destiny Udogie,ITA,DF,22,26,16,1301,0,1,0,2,0,0.3,0.08,Tottenham-Hotspur
Pedro Porro,ESP,DF,25,102,15,1438,2,2,0,2,0,1.2,0.1,Tottenham-Hotspur
Dejan Kulusevski,SWE,"MF,FW",24,243,15,1320,5,3,0,3,0,2.5,0.26,Tottenham-Hotspur
Dominic Solanke,ENG,FW,27,101,14,1238,6,3,0,0,0,7.5,0.16,Tottenham-Hotspur
James Maddison,ENG,MF,28,31,14,1082,8,4,0,3,0,4.6,0.22,Tottenham-Hotspur
Brennan Johnson,WAL,FW,23,215,13,1204,6,2,0,3,0,7.2,0.09,Tottenham-Hotspur
Son Heung-min,KOR,FW,32,169,13,1066,5,6,0,0,0,3.5,0.48,Tottenham-Hotspur
Guglielmo Vicario,ITA,GK,28,78,12,1080,0,0,0,1,0,0,0,Tottenham-Hotspur
Cristian Romero,ARG,DF,26,241,12,974,1,0,0,1,0,1.1,0.05,Tottenham-Hotspur
Pape Matar Sarr,SEN,MF,22,101,10,911,1,2,0,3,0,1.6,0.12,Tottenham-Hotspur
Yves Bissouma,MLI,MF,28,116,9,828,2,0,0,5,0,0.3,0.02,Tottenham-Hotspur
Micky van de Ven,NED,DF,23,249,9,788,0,2,0,4,0,0.4,0.13,Tottenham-Hotspur
Radu DrÄƒguÈ™in,ROU,DF,22,325,8,806,0,0,0,0,0,0,0,Tottenham-Hotspur
Rodrigo Bentancur,URU,MF,27,182,7,535,1,0,0,4,0,0.7,0.01,Tottenham-Hotspur
Fraser Forster,ENG,GK,36,282,5,450,0,0,0,0,0,0,0,Tottenham-Hotspur
Timo Werner,GER,"FW,MF",28,293,3,409,0,3,0,0,0,1,0.54,Tottenham-Hotspur
Archie Gray,ENG,"DF,MF",18,287,3,333,0,0,0,0,0,0,0,Tottenham-Hotspur
Ben Davies,WAL,DF,31,244,3,271,0,0,0,1,0,0,0,Tottenham-Hotspur
Djed Spence,ENG,DF,24,137,2,231,0,1,0,1,0,0.1,0.21,Tottenham-Hotspur
Wilson Odobert,FRA,FW,20,26,2,162,0,0,0,0,0,0.4,0.03,Tottenham-Hotspur
Lucas Bergvall,SWE,MF,18,326,1,204,0,0,0,2,0,0.1,0.1,Tottenham-Hotspur
Mikey Moore,ENG,FW,17,135,1,85,0,0,0,0,0,0,0,Tottenham-Hotspur
Richarlison,BRA,FW,27,228,0,90,0,1,0,1,0,0.2,0.76,Tottenham-Hotspur
Alfie Dorrington,ENG,DF,19,248,0,14,0,0,0,0,0,0,0,Tottenham-Hotspur
Will Lankshear,ENG,FW,19,248,0,10,0,0,0,0,0,0,0,Tottenham-Hotspur
Brandon Austin,ENG,GK,25,351,0,271,0,0,0,1,0,0,0,Tottenham-Hotspur
Alfie Devine,ENG,MF,20,145,0,231,0,1,0,1,0,0.1,0.21,Tottenham-Hotspur
Malachi Hardy,ENG,DF,16,289,0,162,0,0,0,0,0,0.4,0.03,Tottenham-Hotspur
Maeson King,ENG,DF,19,106,0,204,0,0,0,2,0,0.1,0.1,Tottenham-Hotspur
Callum Olusesi,ENG,MF,17,342,0,85,0,0,0,0,0,0,0,Tottenham-Hotspur
Sergio ReguilÃ³n,ESP,"DF,MF",28,8,0,90,0,1,0,1,0,0.2,0.76,Tottenham-Hotspur
Luca Williams Barnett,ENG,FW,16,84,0,14,0,0,0,0,0,0,0,Tottenham-Hotspur
Nathan Collins,IRL,DF,23,238,17,1530,2,1,0,2,0,2,0.08,Brentford
Mark Flekken,NED,GK,31,194,17,1530,0,1,0,1,0,0,0.01,Brentford
Bryan Mbeumo,CMR,FW,25,139,17,1524,10,2,2,2,0,4.9,0.19,Brentford
Ethan Pinnock,JAM,DF,31,209,16,1440,2,0,0,2,0,0.9,0.07,Brentford
Keane Lewis-Potter,ENG,"DF,FW",23,306,15,1289,0,1,0,3,0,0.9,0.08,Brentford
Vitaly Janelt,GER,MF,26,228,14,1220,1,3,0,2,0,0.6,0.14,Brentford
Mikkel Damsgaard,DEN,"MF,FW",24,174,14,1190,2,4,0,1,0,1.6,0.28,Brentford
Christian NÃ¸rgaard,DEN,MF,30,289,14,1154,1,2,0,2,1,1.8,0.03,Brentford
Sepp van den Berg,NED,DF,23,4,13,1174,0,0,0,1,0,0.6,0.01,Brentford
Yoane Wissa,COD,FW,28,112,13,1047,9,1,0,2,0,6.4,0.07,Brentford
Kristoffer Ajer,NOR,DF,26,251,9,717,0,0,0,3,0,0.5,0.09,Brentford
Kevin Schade,GER,FW,23,27,8,758,4,2,0,2,0,3.6,0.13,Brentford
Mathias Jensen,DEN,MF,28,358,6,479,0,1,0,1,0,0.2,0.15,Brentford
Mads Roerslev,DEN,DF,25,183,5,565,0,1,0,1,0,0,0.29,Brentford
Yehor Yarmoliuk,UKR,MF,20,298,4,397,0,0,0,1,0,0.4,0.03,Brentford
Fabio Carvalho,POR,"FW,MF",22,116,3,428,1,1,0,1,0,2.1,0.11,Brentford
Thiago,BRA,FW,23,181,1,132,0,0,0,0,0,0.1,0.05,Brentford
Ben Mee,ENG,DF,35,94,1,99,0,0,0,1,0,0,0,Brentford
Edmond-Paris Maghoma,ENG,MF,23,230,0,52,0,0,0,0,0,0,0,Brentford
Frank Onyeka,NGA,MF,26,358,0,25,0,0,0,0,0,0,0,Brentford
Yunus Emre Konak,TUR,"MF,FW",18,349,0,21,0,0,0,0,0,0.2,0,Brentford
Jayden Meghoma,ENG,DF,18,179,0,5,0,0,0,0,0,0,0,Brentford
Ryan Trevitt,ENG,MF,21,287,0,4,0,0,0,0,0,0,0,Brentford
Kim Jisoo,KOR,DF,20,0,0,25,0,0,0,0,0,0,,Brentford
Myles Peart-Harris,ENG,MF,22,97,0,21,0,0,0,0,0,0.2,,Brentford
HÃ¡kon Rafn Valdimarsson,ISL,GK,23,72,0,5,0,0,0,0,0,0,,Brentford
Tony Yogane,ENG,MF,19,91,0,4,0,0,0,0,0,0,,Brentford
AndrÃ© Onana,CMR,GK,28,266,17,1530,0,0,0,0,0,0,0.01,Manchester-United
Diogo Dalot,POR,DF,25,281,17,1496,0,1,0,3,0,1.2,0.07,Manchester-United
Bruno Fernandes,POR,"MF,FW",30,107,17,1429,4,5,2,1,1,6.2,0.26,Manchester-United
Noussair Mazraoui,MAR,DF,27,40,15,1249,0,1,0,1,0,0.4,0.02,Manchester-United
Lisandro MartÃ­nez,ARG,DF,26,341,14,1246,0,1,0,5,0,1.1,0.06,Manchester-United
Matthijs de Ligt,NED,DF,25,134,13,1139,1,0,0,2,0,1.2,0.01,Manchester-United
Marcus Rashford,ENG,"FW,MF",27,54,12,978,4,1,0,2,0,1.7,0.19,Manchester-United
Alejandro Garnacho,ARG,"FW,MF",20,176,10,977,3,1,0,1,0,4.2,0.15,Manchester-United
Amad Diallo,CIV,"FW,DF",22,166,10,976,2,6,0,2,0,2.2,0.25,Manchester-United
Kobbie Mainoo,ENG,MF,19,249,10,907,0,0,0,5,0,0.3,0.11,Manchester-United
Casemiro,BRA,MF,32,305,9,745,1,0,0,1,0,1,0.24,Manchester-United
Rasmus HÃ¸jlund,DEN,FW,21,324,8,721,2,0,0,1,0,1.9,0.11,Manchester-United
Manuel Ugarte Ribeiro,URU,MF,23,257,7,650,0,0,0,4,0,0.2,0.07,Manchester-United
Joshua Zirkzee,NED,"FW,MF",23,216,6,660,3,1,0,1,0,3,0.11,Manchester-United
Harry Maguire,ENG,DF,31,294,6,540,0,0,0,4,0,0,0.01,Manchester-United
Christian Eriksen,DEN,MF,32,314,6,507,0,0,0,2,0,0.1,0.29,Manchester-United
Mason Mount,ENG,"MF,FW",25,349,4,247,0,0,0,2,0,0.4,0.04,Manchester-United
Jonny Evans,NIR,DF,36,356,3,290,0,0,0,1,0,0.1,0,Manchester-United
Tyrell Malacia,NED,DF,25,129,2,90,0,0,0,1,0,0,0.04,Manchester-United
Leny Yoro,FRA,DF,19,41,1,154,0,0,0,0,0,0.4,0,Manchester-United
Luke Shaw,ENG,DF,29,165,0,70,0,0,0,0,0,0,0,Manchester-United
Victor LindelÃ¶f,SWE,"DF,MF",30,160,0,63,0,0,0,1,0,0,0.03,Manchester-United
Antony,BRA,"FW,MF",24,304,0,53,0,0,0,0,0,0.2,0.12,Manchester-United
Toby Collyer,ENG,MF,20,356,0,45,0,0,0,0,0,0,0.15,Manchester-United
Scott McTominay,SCO,MF,28,16,0,19,0,0,0,0,0,0.1,0,Manchester-United
Harry Amass,ENG,DF,17,283,0,154,0,0,0,0,0,0.4,0.04,Manchester-United
Altay BayÄ±ndÄ±r,TUR,GK,26,254,0,70,0,0,0,0,0,0,0,Manchester-United
Jayce Fitzgerald,ENG,MF,17,229,0,63,0,0,0,1,0,0,0,Manchester-United
Jack Fletcher,ENG,MF,17,280,0,53,0,0,0,0,0,0.2,0.03,Manchester-United
Tom Heaton,ENG,GK,38,253,0,45,0,0,0,0,0,0,0.12,Manchester-United
Godwill Kukonki,ENG,DF,16,322,0,19,0,0,0,0,0,0.1,0.15,Manchester-United
Ethan Wheatley,ENG,FW,18,339,0,19,0,0,0,0,0,0.1,0.15,Manchester-United
Max Kilman,ENG,DF,27,215,17,1530,0,1,0,3,0,1.4,0.05,West-Ham-United
Jarrod Bowen,ENG,"FW,MF",28,4,17,1506,4,4,1,1,0,3.8,0.24,West-Ham-United
Aaron Wan-Bissaka,ENG,DF,27,28,15,1354,2,0,0,0,0,0.6,0.03,West-Ham-United
Emerson Palmieri,ITA,DF,30,143,15,1175,1,1,0,5,0,1.1,0.09,West-Ham-United
Lucas PaquetÃ¡,BRA,MF,27,119,14,1194,3,0,2,5,0,3.5,0.13,West-Ham-United
TomÃ¡Å¡ SouÄ�ek,CZE,MF,29,301,13,1165,4,0,0,4,0,2.8,0.04,West-Ham-United
Mohammed Kudus,GHA,"MF,FW",24,144,12,991,3,1,0,0,1,3.4,0.13,West-Ham-United
Konstantinos Mavropanos,GRE,DF,27,13,11,999,0,0,0,2,0,0.9,0.04,West-Ham-United
Michail Antonio,JAM,FW,34,271,11,836,1,1,0,1,0,2.2,0.17,West-Ham-United
Guido RodrÃ­guez,ARG,MF,30,256,11,824,0,0,0,4,0,0.1,0.01,West-Ham-United
Å�ukasz FabiaÅ„ski,POL,GK,39,250,9,855,0,0,0,2,0,0,0,West-Ham-United
Edson Ã�lvarez,MEX,MF,27,61,9,793,0,0,0,6,1,0.2,0.05,West-Ham-United
Alphonse Areola,FRA,GK,31,301,8,675,0,0,0,0,0,0,0,West-Ham-United
Jean-Clair Todibo,FRA,DF,24,360,7,697,0,0,0,0,0,0.1,0,West-Ham-United
Crysencio Summerville,NED,"FW,MF",23,55,6,641,1,1,0,2,0,1.5,0.21,West-Ham-United
Carlos Soler,ESP,MF,27,357,6,607,0,1,0,5,0,0.7,0.13,West-Ham-United
VladimÃ­r Coufal,CZE,DF,32,124,4,437,0,0,0,2,0,0.2,0.07,West-Ham-United
Danny Ings,ENG,FW,32,154,1,180,1,1,0,0,0,2.1,0.37,West-Ham-United
Niclas FÃ¼llkrug,GER,FW,31,319,1,169,1,0,0,0,0,0.8,0.1,West-Ham-United
Andy Irving,SCO,MF,24,225,0,51,0,0,0,1,0,0,0,West-Ham-United
Oliver Scarles,ENG,DF,19,12,0,36,0,0,0,0,0,0,0,West-Ham-United
Aaron Cresswell,ENG,DF,35,9,0,32,0,0,0,1,0,0,0.28,West-Ham-United
James Ward-Prowse,ENG,MF,30,53,0,18,0,0,0,0,0,0,0,West-Ham-United
Luis Guilherme,BRA,MF,18,319,0,13,0,0,0,0,0,0,0,West-Ham-United
Kaelan Casey,ENG,DF,20,57,0,1,0,0,0,0,0,0,0,West-Ham-United
Wes Foderingham,ENG,GK,33,345,0,18,0,0,0,0,0,0,0,West-Ham-United
Ezra Mayers,BRB,DF,17,343,0,13,0,0,0,0,0,0,0,West-Ham-United
Lewis Orford,ENG,MF,18,310,0,1,0,0,0,0,0,0,0,West-Ham-United
Jordan Pickford,ENG,GK,30,292,16,1440,0,0,0,3,0,0,0,Everton
James Tarkowski,ENG,DF,32,35,16,1431,0,0,0,3,0,0.7,0.08,Everton
Dominic Calvert-Lewin,ENG,FW,27,283,15,1231,2,1,0,1,0,4.4,0.03,Everton
Iliman Ndiaye,SEN,FW,24,293,14,1256,2,0,0,2,0,1.4,0.09,Everton
Ashley Young,ENG,DF,39,168,14,1200,1,3,0,5,1,0.2,0.09,Everton
Vitaliy Mykolenko,UKR,DF,25,209,14,1195,0,0,0,1,0,0.3,0.03,Everton
Idrissa Gana Gueye,SEN,MF,35,89,13,1160,0,0,0,2,0,0.7,0.05,Everton
Dwight McNeil,ENG,"MF,FW",25,32,13,1140,3,3,0,1,0,0.9,0.27,Everton
Abdoulaye DoucourÃ©,MLI,MF,31,358,13,1073,0,0,0,0,0,0.6,0.06,Everton
Michael Keane,ENG,DF,31,348,9,810,2,0,0,4,0,0.4,0.01,Everton
Jack Harrison,ENG,FW,28,34,9,804,0,0,0,0,0,2.1,0.17,Everton
Orel Mangala,BEL,MF,26,281,8,766,1,0,0,1,0,0.5,0.06,Everton
Jarrad Branthwaite,ENG,DF,22,180,7,638,0,0,0,0,0,0,0,Everton
Jesper LindstrÃ¸m,DEN,FW,24,299,6,537,0,0,0,0,0,1.4,0.16,Everton
Tim Iroegbunam,ENG,MF,21,177,4,383,0,0,0,2,0,0.2,0.02,Everton
James Garner,ENG,"DF,MF",23,286,2,253,0,0,0,1,0,0,0.01,Everton
Beto,GNB,FW,26,328,1,205,1,0,0,1,0,1.6,0,Everton
SÃ©amus Coleman,IRL,DF,36,74,1,107,0,0,0,0,0,0.6,0,Everton
Roman Dixon,ENG,DF,19,364,1,90,0,0,0,0,0,0,0,Everton
Jake O'Brien,IRL,DF,23,223,0,36,0,0,0,1,0,0,0,Everton
Armando Broja,ALB,FW,23,105,0,33,0,0,0,1,0,0,0,Everton
Nathan Patterson,SCO,DF,23,69,0,18,0,0,0,0,0,0,0.87,Everton
Mason Holgate,ENG,"FW,DF",28,63,0,6,0,0,0,0,0,0,0,Everton
Harrison Armstrong,ENG,MF,17,340,0,3,0,0,0,1,0,0,0,Everton
Callum Bates,ENG,MF,19,87,0,36,0,0,0,1,0,0,0,Everton
Asmir BegoviÄ‡,BIH,GK,37,187,0,33,0,0,0,1,0,0,0,Everton
Youssef Chermiti,POR,FW,20,214,0,18,0,0,0,0,0,0,0.87,Everton
Neal Maupay,FRA,"FW,MF",28,132,0,6,0,0,0,0,0,0,0,Everton
Jenson Metcalfe,ENG,MF,20,109,0,3,0,0,0,1,0,0,0,Everton
JoÃ£o VirgÃ­nia,POR,GK,25,75,0,3,0,0,0,1,0,0,0,Everton
Marc GuÃ©hi,ENG,DF,24,164,17,1530,2,1,0,4,0,1.3,0.03,Crystal-Palace
Dean Henderson,ENG,GK,27,287,17,1530,0,0,0,2,0,0,0,Crystal-Palace
Tyrick Mitchell,ENG,DF,25,114,17,1474,0,3,0,2,0,0.3,0.17,Crystal-Palace
Daniel MuÃ±oz,COL,DF,28,212,16,1353,2,1,0,5,0,2.7,0.11,Crystal-Palace
Jean-Philippe Mateta,FRA,FW,27,179,15,1253,4,1,1,2,0,5,0.14,Crystal-Palace
Maxence Lacroix,FRA,DF,24,262,14,1260,1,1,0,3,0,1.4,0.02,Crystal-Palace
Eberechi Eze,ENG,"MF,FW",26,178,13,1078,1,2,0,0,0,3.5,0.18,Crystal-Palace
Ismaila Sarr,SEN,"MF,FW",26,303,10,1005,4,2,0,3,0,3.5,0.29,Crystal-Palace
Will Hughes,ENG,MF,29,251,10,953,0,2,0,6,0,0.7,0.14,Crystal-Palace
Trevoh Chalobah,ENG,DF,25,172,10,880,2,0,0,1,0,0.9,0.04,Crystal-Palace
Jefferson Lerma,COL,MF,30,60,9,824,0,0,0,4,0,0.5,0.1,Crystal-Palace
Daichi Kamada,JPN,MF,28,141,8,711,0,0,0,2,1,0.6,0.13,Crystal-Palace
Adam Wharton,ENG,MF,20,205,8,622,0,0,0,0,0,0.2,0.09,Crystal-Palace
Eddie Nketiah,ENG,"MF,FW",25,208,6,579,0,1,0,2,0,1.4,0.2,Crystal-Palace
Chris Richards,USA,DF,24,271,5,445,0,0,0,1,0,0.1,0,Crystal-Palace
Nathaniel Clyne,ENG,"DF,MF",33,263,4,382,0,0,0,1,0,0,0.03,Crystal-Palace
Cheick DoucourÃ©,MLI,MF,24,351,3,270,0,0,0,1,0,0.4,0,Crystal-Palace
Justin Devenny,NIR,MF,21,74,2,229,1,0,0,0,0,0.5,0.14,Crystal-Palace
Odsonne Ã‰douard,FRA,"MF,FW",26,343,1,115,0,0,0,0,0,0.4,0.04,Crystal-Palace
Joachim Andersen,DEN,DF,28,207,1,90,0,0,0,1,0,0,0,Crystal-Palace
Chadi Riad,MAR,DF,21,190,1,90,0,0,0,0,0,0,0,Crystal-Palace
Jeffrey Schlupp,GHA,"MF,DF",32,1,0,102,0,0,0,0,0,0.2,0.09,Crystal-Palace
Jordan Ayew,GHA,"FW,MF",33,104,0,21,0,0,0,1,0,0.5,0.21,Crystal-Palace
Caleb Kporha,ENG,DF,18,162,0,13,0,0,0,0,0,0,0,Crystal-Palace
Asher Agbinone,ENG,MF,19,87,0,6,0,0,0,0,0,0,0.5,Crystal-Palace
Naouirou Ahamada,FRA,MF,22,270,0,382,0,0,0,1,0,0,0.03,Crystal-Palace
Rob Holding,ENG,DF,29,95,0,270,0,0,0,1,0,0.4,0,Crystal-Palace
Sam Johnstone,ENG,GK,31,274,0,229,1,0,0,0,0,0.5,0.14,Crystal-Palace
Zachariah Marsh,ENG,FW,19,79,0,115,0,0,0,0,0,0.4,0.04,Crystal-Palace
Remi Matthews,ENG,GK,30,318,0,90,0,0,0,1,0,0,0,Crystal-Palace
Kaden Rodney,ENG,DF,20,78,0,90,0,0,0,0,0,0,0,Crystal-Palace
Matt Turner,USA,GK,30,183,0,102,0,0,0,0,0,0.2,0.09,Crystal-Palace
Franco Umeh-Chibueze,IRL,MF,19,333,0,21,0,0,0,1,0,0.5,0.21,Crystal-Palace
Joel Ward,ENG,"DF,MF",35,56,0,13,0,0,0,0,0,0,0,Crystal-Palace
Mads Hermansen,DEN,GK,24,166,16,1395,0,0,0,0,0,0,0,Leicester-City
James Justin,ENG,DF,26,305,16,1394,2,1,0,2,0,0.7,0.02,Leicester-City
Jamie Vardy,ENG,FW,37,348,16,1281,6,3,1,4,0,5.4,0.14,Leicester-City
Victor Bernth Kristiansen,DEN,DF,22,8,15,1307,0,1,0,1,0,0,0.07,Leicester-City
Wilfred Ndidi,NGA,MF,28,8,15,1215,0,4,0,4,0,1.4,0.1,Leicester-City
Wout Faes,BEL,DF,26,265,13,1256,1,0,0,2,0,0.9,0,Leicester-City
Facundo Buonanotte,ARG,"MF,FW",20,1,10,922,4,2,0,5,0,3.2,0.26,Leicester-City
Harry Winks,ENG,MF,28,326,10,910,0,2,0,3,0,0.2,0.11,Leicester-City
Stephy Mavididi,ENG,FW,26,207,9,850,2,0,0,2,0,1.1,0.11,Leicester-City
Caleb Okoli,ITA,DF,23,164,9,784,0,0,0,2,0,0.1,0,Leicester-City
Jordan Ayew,GHA,"FW,MF",33,104,8,741,3,0,1,3,0,2.1,0.02,Leicester-City
Jannik Vestergaard,DEN,DF,32,143,8,690,0,0,0,3,0,0,0,Leicester-City
Oliver Skipp,ENG,MF,24,99,7,682,0,0,0,4,0,0.1,0.03,Leicester-City
Bilal El Khannouss,MAR,"MF,FW",20,228,7,567,1,1,0,0,0,0.2,0.25,Leicester-City
Abdul Fatawu Issahaku,GHA,FW,20,291,6,579,0,2,0,0,0,0.4,0.24,Leicester-City
Boubakary SoumarÃ©,FRA,MF,25,301,6,565,0,0,0,6,0,0.1,0.02,Leicester-City
Conor Coady,ENG,DF,31,303,5,458,0,0,0,1,0,0,0.01,Leicester-City
Kasey McAteer,IRL,"FW,MF",23,32,4,334,0,1,0,0,0,0.6,0.04,Leicester-City
Bobby Reid,JAM,"FW,MF",31,326,2,277,1,0,0,0,0,0.7,0.04,Leicester-City
Ricardo Pereira,POR,DF,31,79,2,146,0,0,0,1,0,0,0,Leicester-City
Danny Ward,WAL,GK,31,185,1,135,0,0,0,0,0,0,0,Leicester-City
Hamza Choudhury,ENG,"MF,DF",27,84,1,111,0,0,0,0,0,0,0.32,Leicester-City
Luke Thomas,ENG,DF,23,197,1,90,0,0,0,0,0,0,0.05,Leicester-City
Patson Daka,ZAM,"FW,MF",26,76,0,112,1,0,0,0,0,0.2,0,Leicester-City
Odsonne Ã‰douard,FRA,FW,26,343,0,29,0,0,0,0,0,0,0.13,Leicester-City
Thomas Cannon,IRL,FW,21,362,0,111,0,0,0,0,0,0,0.32,Leicester-City
Henry Cartwright,ENG,MF,20,13,0,90,0,0,0,0,0,0,0.05,Leicester-City
Daniel Iversen,DEN,GK,27,158,0,112,1,0,0,0,0,0.2,0,Leicester-City
Benjamin Nelson,ENG,DF,20,281,0,29,0,0,0,0,0,0,0.13,Leicester-City
JÃ¸rgen Strand Larsen,NOR,FW,24,322,17,1398,6,2,0,2,0,4.1,0.08,Wolverhampton-Wanderers
Matheus Cunha,BRA,"MF,FW",25,211,16,1425,9,3,0,2,0,3.9,0.31,Wolverhampton-Wanderers
Rayan AÃ¯t-Nouri,ALG,DF,23,201,16,1366,3,3,0,6,1,1.3,0.1,Wolverhampton-Wanderers
JoÃ£o Gomes,BRA,MF,23,316,16,1355,2,1,0,5,0,1.6,0.02,Wolverhampton-Wanderers
Mario Lemina,GAB,"MF,DF",31,114,15,1332,1,3,0,4,0,1.4,0.08,Wolverhampton-Wanderers
NÃ©lson Semedo,POR,DF,31,38,14,1227,0,3,0,5,0,0.4,0.09,Wolverhampton-Wanderers
Toti Gomes,POR,DF,25,343,14,1174,0,1,0,4,0,0,0.05,Wolverhampton-Wanderers
AndrÃ©,BRA,MF,23,161,11,820,0,0,0,2,0,0.1,0.02,Wolverhampton-Wanderers
JosÃ© SÃ¡,POR,GK,31,342,10,900,0,0,0,1,0,0,0.01,Wolverhampton-Wanderers
Craig Dawson,ENG,DF,34,232,9,894,0,0,0,2,0,0.5,0,Wolverhampton-Wanderers
Santiago Bueno,URU,DF,26,45,9,791,0,0,0,0,0,0.3,0,Wolverhampton-Wanderers
Jean-Ricner Bellegarde,FRA,"MF,FW",26,180,9,727,1,2,0,2,0,0.6,0.07,Wolverhampton-Wanderers
Sam Johnstone,ENG,GK,31,274,7,630,0,0,0,0,0,0,0,Wolverhampton-Wanderers
Matt Doherty,IRL,DF,32,343,6,534,1,1,0,1,0,0.5,0.21,Wolverhampton-Wanderers
Yerson Mosquera,COL,DF,23,236,5,441,0,0,0,2,0,0.3,0.02,Wolverhampton-Wanderers
Rodrigo Gomes,POR,"DF,FW",21,170,4,354,1,0,0,0,0,0.3,0.05,Wolverhampton-Wanderers
GonÃ§alo Guedes,POR,"FW,MF",28,25,2,342,2,4,0,1,0,0.6,0.21,Wolverhampton-Wanderers
Tommy Doyle,ENG,MF,23,68,2,338,0,1,0,0,0,0.5,0.1,Wolverhampton-Wanderers
Hwang Hee-chan,KOR,"MF,FW",28,333,2,336,0,0,0,0,0,0,0.03,Wolverhampton-Wanderers
Pablo Sarabia,ESP,"MF,FW",32,227,2,181,1,0,0,1,0,1.4,0.22,Wolverhampton-Wanderers
Carlos Forbs,POR,"MF,FW",20,280,1,208,0,0,0,2,0,0.1,0.02,Wolverhampton-Wanderers
Daniel Podence,POR,"MF,FW",29,64,0,48,0,0,0,0,0,0,0,Wolverhampton-Wanderers
Chiquinho,POR,MF,24,323,0,7,0,0,0,0,0,0,0.42,Wolverhampton-Wanderers
Alfie Pond,ENG,DF,20,298,0,1,0,0,0,0,0,0,0,Wolverhampton-Wanderers
Daniel Bentley,ENG,GK,31,164,0,338,0,1,0,0,0,0.5,0.1,Wolverhampton-Wanderers
Luke Cundle,ENG,MF,22,242,0,336,0,0,0,0,0,0,0.03,Wolverhampton-Wanderers
Tom Edozie,ENG,MF,18,220,0,181,1,0,0,1,0,1.4,0.22,Wolverhampton-Wanderers
Pedro Lima,BRA,DF,18,176,0,208,0,0,0,2,0,0.1,0.02,Wolverhampton-Wanderers
Bastien Meupiyou,FRA,DF,18,280,0,48,0,0,0,0,0,0,0,Wolverhampton-Wanderers
Boubacar TraorÃ©,MLI,MF,23,126,0,7,0,0,0,0,0,0,0.42,Wolverhampton-Wanderers
Leif Davis,ENG,DF,24,347,17,1530,1,2,0,2,0,0.6,0.19,Ipswich-Town
Arijanet Muric,KVX,GK,26,47,16,1440,0,0,0,1,0,0,0,Ipswich-Town
Sam Morsy,EGY,MF,33,105,16,1433,1,1,0,5,0,0.3,0.03,Ipswich-Town
Omari Hutchinson,ENG,"MF,FW",21,55,16,1356,1,1,0,4,0,1.3,0.1,Ipswich-Town
Liam Delap,ENG,FW,21,320,15,1186,6,1,0,4,0,4.4,0.1,Ipswich-Town
Dara O'Shea,IRL,DF,25,295,14,1232,0,0,0,3,0,0.6,0,Ipswich-Town
Sammie Szmodics,IRL,FW,29,91,11,822,3,0,0,2,0,3.1,0.02,Ipswich-Town
Cameron Burgess,AUS,DF,29,64,9,810,0,1,0,0,0,0.6,0.04,Ipswich-Town
Axel Tuanzebe,COD,DF,27,40,9,770,0,0,0,3,0,0.2,0.03,Ipswich-Town
Wes Burns,WAL,FW,30,31,9,732,0,1,0,1,0,0.4,0.19,Ipswich-Town
Jacob Greaves,ENG,DF,24,103,8,720,0,0,0,2,0,0.4,0,Ipswich-Town
Jens Cajuste,SWE,MF,25,136,8,606,0,0,0,2,0,0.1,0.03,Ipswich-Town
Conor Chaplin,ENG,"MF,FW",27,312,7,614,1,1,0,1,0,1.2,0.09,Ipswich-Town
Kalvin Phillips,ENG,MF,29,22,7,566,0,0,0,3,1,0.3,0.02,Ipswich-Town
Ben Johnson,ENG,"DF,FW",24,335,5,513,0,1,0,1,0,0,0.07,Ipswich-Town
Jack Clarke,ENG,FW,24,31,4,504,0,2,0,1,0,0.8,0.2,Ipswich-Town
Harry Clarke,ENG,DF,23,297,4,378,0,0,0,3,1,0.1,0.01,Ipswich-Town
Luke Woolfenden,ENG,DF,26,64,4,378,0,0,0,1,0,0,0,Ipswich-Town
Chiedozie Ogbene,IRL,FW,27,237,3,238,0,0,0,0,0,0,0.03,Ipswich-Town
Massimo Luongo,AUS,MF,32,90,2,143,0,0,0,0,0,0,0,Ipswich-Town
Jack Taylor,IRL,MF,26,184,1,336,1,0,0,3,0,0.5,0.15,Ipswich-Town
George Hirst,ENG,FW,25,313,1,180,1,1,0,1,0,0.8,0.13,Ipswich-Town
Christian Walton,ENG,GK,29,45,1,90,0,0,0,0,0,0,0,Ipswich-Town
Ali Al Hamadi,IRQ,FW,22,298,0,119,0,0,0,3,0,0.4,0.05,Ipswich-Town
Nathan Broadhead,WAL,"FW,MF",26,263,0,50,0,0,0,0,0,0,0.08,Ipswich-Town
Marcus Harness,ENG,MF,28,304,0,45,0,0,0,0,0,0,0,Ipswich-Town
George Edmundson,ENG,DF,27,115,0,2,0,0,0,0,0,0,0,Ipswich-Town
Conor Townsend,ENG,MF,31,295,0,1,0,0,0,0,0,0,1.6,Ipswich-Town
Cieran Slicker,SCO,GK,22,100,0,1,0,0,0,0,0,0,1.6,Ipswich-Town
Kyle Walker-Peters,ENG,DF,27,255,15,1340,0,2,0,3,0,0.3,0.11,Southampton
Taylor Harwood-Bellis,ENG,DF,22,329,15,1310,1,0,0,5,0,1.2,0.03,Southampton
Flynn Downes,ENG,MF,25,339,15,1309,1,0,0,7,0,0.6,0.06,Southampton
Mateus Fernandes,POR,MF,20,167,14,1235,1,1,0,4,0,1.6,0.08,Southampton
Jan Bednarek,POL,DF,28,256,13,1160,0,0,0,3,0,0,0.03,Southampton
Tyler Dibling,ENG,"FW,MF",18,287,11,975,1,0,0,5,0,1.1,0.11,Southampton
Adam Armstrong,ENG,"FW,MF",27,318,11,942,2,1,0,4,0,3.1,0.04,Southampton
Aaron Ramsdale,ENG,GK,26,224,10,900,0,0,0,1,0,0,0,Southampton
Yukinari Sugawara,JPN,DF,24,179,10,873,1,1,0,3,0,0.3,0.21,Southampton
Jack Stephens,ENG,DF,30,332,10,793,0,0,0,2,2,0.3,0.02,Southampton
Joe Aribo,NGA,MF,28,156,9,959,2,0,0,0,0,2.2,0.11,Southampton
Cameron Archer,ENG,FW,23,156,9,897,2,0,0,0,0,4.4,0.02,Southampton
Ryan Manning,IRL,DF,28,193,9,659,0,0,0,1,0,0.1,0.16,Southampton
Adam Lallana,ENG,MF,36,228,5,315,0,2,0,4,0,0.2,0.25,Southampton
Ben Brereton,CHI,FW,25,250,4,449,0,0,0,1,0,0.9,0.02,Southampton
Alex McCarthy,ENG,GK,35,21,4,360,0,0,0,0,0,0,0,Southampton
Ryan Fraser,SCO,"FW,DF",30,304,4,303,0,0,0,0,1,0,0.03,Southampton
Nathan Wood-Gordon,ENG,DF,22,207,3,346,0,0,0,1,0,0.2,0.01,Southampton
Joe Lumley,ENG,GK,29,313,3,270,0,0,0,0,0,0,0,Southampton
William Smallbone,IRL,MF,24,307,3,241,0,0,0,0,0,0.3,0.11,Southampton
Lesley Ugochukwu,FRA,MF,20,273,2,245,0,0,0,2,0,0.2,0.07,Southampton
Charlie Taylor,ENG,DF,31,97,2,221,0,0,0,1,0,0,0.03,Southampton
James Bree,ENG,DF,27,74,2,148,0,0,0,0,0,0,0.12,Southampton
Ross Stewart,SCO,"FW,MF",28,166,1,132,0,0,0,1,0,0.1,0,Southampton
Paul Onuachu,NGA,FW,30,210,1,115,0,0,0,1,0,0.1,0.02,Southampton
Maxwel Cornet,CIV,FW,28,88,1,72,0,0,0,1,0,0.2,0,Southampton
Kamaldeen Sulemana,GHA,"FW,MF",22,313,1,64,0,0,0,0,0,0,0,Southampton
Samuel Edozie,ENG,"DF,FW",21,331,0,65,0,0,0,1,0,0,0.14,Southampton
Samuel Amo-Ameyaw,ENG,"FW,DF",18,159,0,28,0,0,0,1,0,0,0.22,Southampton
Ronnie Edwards,ENG,DF,21,271,0,12,0,0,0,0,0,0,0,Southampton
Carlos Alcaraz,ARG,MF,22,24,0,10,0,0,0,0,0,0.1,0.86,Southampton
Joe O'Brien-Whitmarsh,IRL,FW,22,24,0,10,0,0,0,0,0,0.1,0.86,Southampton
